Tip Matrice,Nr threads,Timp executie
,4,10013.0107
,4,10013.68331
,6,10013.19707
,6,10011.47043
